order_id;pos_lat;pos_lng;amount
0;0.6126609754869003;0.19867138016525887;448
1;0.30010684105921714;0.6224569341244228;430
2;0.9979680476677266;0.2307132379080501;358